<?xml version="1.0" encoding="UTF-8" ?>
<!DOCTYPE mapper
PUBLIC "-//mybatis.org//DTD Mapper 3.0//EN"
"http://mybatis.org/dtd/mybatis-3-mapper.dtd">
<mapper namespace="com.ruoyi.project.system.mapper.AdjustRoomMapper">
    
    <resultMap type="AdjustRoom" id="AdjustRoomResult">
        <result property="id"    column="id"    />
        <result property="username"    column="username"    />
        <result property="name"    column="name"    />
        <result property="currentroomId"    column="currentroom_id"    />
        <result property="currentbedId"    column="currentbed_id"    />
        <result property="towardsroomId"    column="towardsroom_id"    />
        <result property="towardsbedId"    column="towardsbed_id"    />
        <result property="state"    column="state"    />
        <result property="applyTime"    column="apply_time"    />
        <result property="finishTime"    column="finish_time"    />
    </resultMap>

    <sql id="selectAdjustRoomVo">
        select id, username, name, currentroom_id, currentbed_id, towardsroom_id, towardsbed_id, state, apply_time, finish_time from adjust_room
    </sql>

    <select id="selectAdjustRoomList" parameterType="AdjustRoom" resultMap="AdjustRoomResult">
        <include refid="selectAdjustRoomVo"/>
        <where>  
            <if test="username != null  and username != ''"> and username like concat('%', #{username}, '%')</if>
            <if test="name != null  and name != ''"> and name like concat('%', #{name}, '%')</if>
            <if test="currentroomId != null "> and currentroom_id = #{currentroomId}</if>
            <if test="currentbedId != null "> and currentbed_id = #{currentbedId}</if>
            <if test="towardsroomId != null "> and towardsroom_id = #{towardsroomId}</if>
            <if test="towardsbedId != null "> and towardsbed_id = #{towardsbedId}</if>
            <if test="state != null  and state != ''"> and state = #{state}</if>
            <if test="applyTime != null  and applyTime != ''"> and apply_time = #{applyTime}</if>
            <if test="finishTime != null  and finishTime != ''"> and finish_time = #{finishTime}</if>
        </where>
    </select>
    
    <select id="selectAdjustRoomById" parameterType="Long" resultMap="AdjustRoomResult">
        <include refid="selectAdjustRoomVo"/>
        where id = #{id}
    </select>
        
    <insert id="insertAdjustRoom" parameterType="AdjustRoom" useGeneratedKeys="true" keyProperty="id">
        insert into adjust_room
        <trim prefix="(" suffix=")" suffixOverrides=",">
            <if test="username != null and username != ''">username,</if>
            <if test="name != null and name != ''">name,</if>
            <if test="currentroomId != null">currentroom_id,</if>
            <if test="currentbedId != null">currentbed_id,</if>
            <if test="towardsroomId != null">towardsroom_id,</if>
            <if test="towardsbedId != null">towardsbed_id,</if>
            <if test="state != null and state != ''">state,</if>
            <if test="applyTime != null and applyTime != ''">apply_time,</if>
            <if test="finishTime != null">finish_time,</if>
         </trim>
        <trim prefix="values (" suffix=")" suffixOverrides=",">
            <if test="username != null and username != ''">#{username},</if>
            <if test="name != null and name != ''">#{name},</if>
            <if test="currentroomId != null">#{currentroomId},</if>
            <if test="currentbedId != null">#{currentbedId},</if>
            <if test="towardsroomId != null">#{towardsroomId},</if>
            <if test="towardsbedId != null">#{towardsbedId},</if>
            <if test="state != null and state != ''">#{state},</if>
            <if test="applyTime != null and applyTime != ''">#{applyTime},</if>
            <if test="finishTime != null">#{finishTime},</if>
         </trim>
    </insert>

    <update id="updateAdjustRoom" parameterType="AdjustRoom">
        update adjust_room
        <trim prefix="SET" suffixOverrides=",">
            <if test="username != null and username != ''">username = #{username},</if>
            <if test="name != null and name != ''">name = #{name},</if>
            <if test="currentroomId != null">currentroom_id = #{currentroomId},</if>
            <if test="currentbedId != null">currentbed_id = #{currentbedId},</if>
            <if test="towardsroomId != null">towardsroom_id = #{towardsroomId},</if>
            <if test="towardsbedId != null">towardsbed_id = #{towardsbedId},</if>
            <if test="state != null and state != ''">state = #{state},</if>
            <if test="applyTime != null and applyTime != ''">apply_time = #{applyTime},</if>
            <if test="finishTime != null">finish_time = #{finishTime},</if>
        </trim>
        where id = #{id}
    </update>

    <delete id="deleteAdjustRoomById" parameterType="Long">
        delete from adjust_room where id = #{id}
    </delete>

    <delete id="deleteAdjustRoomByIds" parameterType="String">
        delete from adjust_room where id in 
        <foreach item="id" collection="array" open="(" separator="," close=")">
            #{id}
        </foreach>
    </delete>
</mapper>