<?xml version="1.0" encoding="UTF-8" ?>
<!DOCTYPE mapper
PUBLIC "-//mybatis.org//DTD Mapper 3.0//EN"
"http://mybatis.org/dtd/mybatis-3-mapper.dtd">
<mapper namespace="com.ruoyi.project.system.mapper.DormBuildMapper">
    
    <resultMap type="DormBuild" id="DormBuildResult">
        <result property="dormbuildId"    column="dormbuild_id"    />
        <result property="dormbuildName"    column="dormbuild_name"    />
        <result property="dormbuildDetail"    column="dormbuild_detail"    />
        <result property="delFlag"    column="del_flag"    />
        <result property="dormbuildSex"    column="dormbuild_sex"    />
        <result property="stateDetail"    column="state_detail"    />
        <result property="id"    column="id"    />
    </resultMap>

    <sql id="selectDormBuildVo">
        select dormbuild_id, dormbuild_name, dormbuild_detail, del_flag, dormbuild_sex, id from dorm_build where del_flag = '0'
    </sql>

    <select id="selectDormBuildList" parameterType="DormBuild" resultMap="DormBuildResult">
        <include refid="selectDormBuildVo"/>
        <where>  
            <if test="dormbuildId != null "> and dormbuild_id = #{dormbuildId}</if>
            <if test="dormbuildName != null  and dormbuildName != ''"> and dormbuild_name like concat('%', #{dormbuildName}, '%')</if>
            <if test="dormbuildDetail != null  and dormbuildDetail != ''"> and dormbuild_detail = #{dormbuildDetail}</if>
            <if test="dormbuildSex != null "> and dormbuild_sex = #{dormbuildSex}</if>
        </where>
    </select>
    
    <select id="selectDormBuildById" parameterType="Long" resultMap="DormBuildResult">
        <include refid="selectDormBuildVo"/>
        and id = #{id}
    </select>
        
    <insert id="insertDormBuild" parameterType="DormBuild" useGeneratedKeys="true" keyProperty="id">
        insert into dorm_build
        <trim prefix="(" suffix=")" suffixOverrides=",">
            <if test="dormbuildId != null">dormbuild_id,</if>
            <if test="dormbuildName != null and dormbuildName != ''">dormbuild_name,</if>
            <if test="dormbuildDetail != null and dormbuildDetail != ''">dormbuild_detail,</if>
            <if test="delFlag != null and delFlag != ''">del_flag,</if>
            <if test="dormbuildSex != null and dormbuildSex != ''">dormbuild_sex,</if>
         </trim>
        <trim prefix="values (" suffix=")" suffixOverrides=",">
            <if test="dormbuildId != null">#{dormbuildId},</if>
            <if test="dormbuildName != null and dormbuildName != ''">#{dormbuildName},</if>
            <if test="dormbuildDetail != null and dormbuildDetail != ''">#{dormbuildDetail},</if>
            <if test="delFlag != null and delFlag != ''">#{delFlag},</if>
            <if test="dormbuildSex != null and dormbuildSex != ''">#{dormbuildSex},</if>
         </trim>
    </insert>

    <update id="updateDormBuild" parameterType="DormBuild">
        update dorm_build
        <trim prefix="SET" suffixOverrides=",">
            <if test="dormbuildId != null">dormbuild_id = #{dormbuildId},</if>
            <if test="dormbuildName != null and dormbuildName != ''">dormbuild_name = #{dormbuildName},</if>
            <if test="dormbuildDetail != null and dormbuildDetail != ''">dormbuild_detail = #{dormbuildDetail},</if>
            <if test="dormbuildSex != null and dormbuildSex != ''">dormbuild_sex = #{dormbuildSex},</if>
        </trim>
        where id = #{id}
    </update>

<!--    <delete id="deleteDormBuildByIds" parameterType="String">-->
<!--        delete from dorm_build where id in -->
<!--        <foreach item="id" collection="array" open="(" separator="," close=")">-->
<!--            #{id}-->
<!--        </foreach>-->
<!--    </delete>-->

    <select id="checkBuildNumberUnique" parameterType="Long" resultMap="DormBuildResult">
        select dormbuild_id from dorm_build where dormbuild_id = #{dormbuildId} and del_flag = '0' limit 1
    </select>

    <update id="deleteDormBuildById" parameterType="DormBuild">
        update dorm_build set del_flag = '2' where dormbuild_id = #{id}
    </update>

    <update id="deleteDormBuildByIds" parameterType="DormBuild">
        update dorm_build set del_flag = '2' where id in
        <foreach item="id" collection="array" open="(" separator="," close=")">
            #{id}
        </foreach>
    </update>
</mapper>