<?xml version="1.0" encoding="UTF-8" ?>
<!DOCTYPE mapper
PUBLIC "-//mybatis.org//DTD Mapper 3.0//EN"
"http://mybatis.org/dtd/mybatis-3-mapper.dtd">
<mapper namespace="com.ruoyi.project.system.mapper.DormSanitationMapper">
    
    <resultMap type="DormSanitation" id="DormSanitationResult">
        <result property="id"    column="id"    />
        <result property="dormbuildId"    column="dormbuild_id"    />
        <result property="dormbuildName"    column="dormbuild_name"    />
        <result property="dormroomId"    column="dormroom_id"    />
        <result property="scoreTotal"    column="score_total"    />
        <result property="deductedScore"    column="deducted_score"    />
        <result property="deductedBed"    column="deducted_bed"    />
        <result property="deductedReason"    column="deducted_reason"    />
        <result property="examineTime"    column="examine_time"    />
        <result property="qualified"    column="qualified"    />
        <result property="delFlag"    column="del_flag"    />
    </resultMap>

    <sql id="selectDormSanitationVo">
        select id, dormbuild_id, dormbuild_name, dormroom_id, score_total, deducted_score, deducted_bed, deducted_reason, examine_time, qualified, del_flag from dorm_sanitation
    </sql>

    <select id="selectDormSanitationList" parameterType="DormSanitation" resultMap="DormSanitationResult">
        <include refid="selectDormSanitationVo"/>
        <where>  
            <if test="dormbuildId != null "> and dormbuild_id = #{dormbuildId}</if>
            <if test="dormbuildName != null  and dormbuildName != ''"> and dormbuild_name like concat('%', #{dormbuildName}, '%')</if>
            <if test="dormroomId != null "> and dormroom_id = #{dormroomId}</if>
            <if test="scoreTotal != null "> and score_total = #{scoreTotal}</if>
            <if test="deductedScore != null "> and deducted_score = #{deductedScore}</if>
            <if test="deductedBed != null  and deductedBed != ''"> and deducted_bed = #{deductedBed}</if>
            <if test="deductedReason != null  and deductedReason != ''"> and deducted_reason = #{deductedReason}</if>
            <if test="examineTime != null "> and examine_time = #{examineTime}</if>
            <if test="qualified != null  and qualified != ''"> and qualified = #{qualified}</if>
        </where>
    </select>
    
    <select id="selectDormSanitationById" parameterType="Long" resultMap="DormSanitationResult">
        <include refid="selectDormSanitationVo"/>
        where id = #{id}
    </select>

    <select id="selectDormSanitationByDorm" parameterType="DormSanitation" resultMap="DormSanitationResult">
        select id, dormbuild_id, dormbuild_name, dormroom_id, score_total, deducted_bed,
               deducted_reason, examine_time, qualified, del_flag, SUM(deducted_score) as deducted_score
                from dorm_sanitation
        where dormbuild_id = #{dormbuildId} AND dormroom_id = #{dormroomId}
    </select>
        
    <insert id="insertDormSanitation" parameterType="DormSanitation" useGeneratedKeys="true" keyProperty="id">
        insert into dorm_sanitation
        <trim prefix="(" suffix=")" suffixOverrides=",">
            <if test="dormbuildId != null">dormbuild_id,</if>
            <if test="dormbuildName != null">dormbuild_name,</if>
            <if test="dormroomId != null">dormroom_id,</if>
            <if test="scoreTotal != null">score_total,</if>
            <if test="deductedScore != null">deducted_score,</if>
            <if test="deductedBed != null">deducted_bed,</if>
            <if test="deductedReason != null">deducted_reason,</if>
            <if test="examineTime != null">examine_time,</if>
            <if test="qualified != null">qualified,</if>
            <if test="delFlag != null">del_flag,</if>
         </trim>
        <trim prefix="values (" suffix=")" suffixOverrides=",">
            <if test="dormbuildId != null">#{dormbuildId},</if>
            <if test="dormbuildName != null">#{dormbuildName},</if>
            <if test="dormroomId != null">#{dormroomId},</if>
            <if test="scoreTotal != null">#{scoreTotal},</if>
            <if test="deductedScore != null">#{deductedScore},</if>
            <if test="deductedBed != null">#{deductedBed},</if>
            <if test="deductedReason != null">#{deductedReason},</if>
            <if test="examineTime != null">#{examineTime},</if>
            <if test="qualified != null">#{qualified},</if>
            <if test="delFlag != null">#{delFlag},</if>
         </trim>
    </insert>

    <update id="updateDormSanitation" parameterType="DormSanitation">
        update dorm_sanitation
        <trim prefix="SET" suffixOverrides=",">
            <if test="dormbuildId != null">dormbuild_id = #{dormbuildId},</if>
            <if test="dormbuildName != null">dormbuild_name = #{dormbuildName},</if>
            <if test="dormroomId != null">dormroom_id = #{dormroomId},</if>
            <if test="scoreTotal != null">score_total = #{scoreTotal},</if>
            <if test="deductedScore != null">deducted_score = #{deductedScore},</if>
            <if test="deductedBed != null">deducted_bed = #{deductedBed},</if>
            <if test="deductedReason != null">deducted_reason = #{deductedReason},</if>
            <if test="examineTime != null">examine_time = #{examineTime},</if>
            <if test="qualified != null">qualified = #{qualified},</if>
            <if test="delFlag != null">del_flag = #{delFlag},</if>
        </trim>
        where id = #{id}
    </update>

    <update id="updateDormSanitationByDorm" parameterType="DormSanitation">
        update dorm_sanitation
        <trim prefix="SET" suffixOverrides=",">
            <if test="scoreTotal != null">score_total = #{scoreTotal},</if>
        </trim>
        where dormbuild_id = #{dormbuildId} AND dormroom_id = #{dormroomId}
    </update>

    <delete id="deleteDormSanitationById" parameterType="Long">
        delete from dorm_sanitation where id = #{id}
    </delete>

    <delete id="deleteDormSanitationByIds" parameterType="String">
        delete from dorm_sanitation where id in 
        <foreach item="id" collection="array" open="(" separator="," close=")">
            #{id}
        </foreach>
    </delete>
</mapper>