<?xml version="1.0" encoding="UTF-8" ?>
<!DOCTYPE mapper
PUBLIC "-//mybatis.org//DTD Mapper 3.0//EN"
"http://mybatis.org/dtd/mybatis-3-mapper.dtd">
<mapper namespace="com.ruoyi.project.system.mapper.DormRoomMapper">
    
    <resultMap type="DormRoom" id="DormRoomResult">
        <id property="id"    column="id"    />
        <result property="dormroomId"    column="dormroom_id"    />
        <result property="dormbuildId"    column="dormbuild_id"    />
        <result property="floorNum"    column="floor_num"    />
        <result property="maxCapacity"    column="max_capacity"    />
        <result property="currentCapacity"    column="current_capacity"    />
        <result property="firstBed"    column="first_bed"    />
        <result property="secondBed"    column="second_bed"    />
        <result property="thirdBed"    column="third_bed"    />
        <result property="fourthBed"    column="fourth_bed"    />
        <result property="fivethBed"    column="fiveth_bed"    />
        <result property="sixthBed"    column="sixth_bed"    />
        <result property="seventhBed"    column="seventh_bed"    />
        <result property="eightBed"    column="eight_bed"    />
    </resultMap>

    <sql id="selectDormRoomVo">
        select id,dormroom_id, dormbuild_id, floor_num, max_capacity, current_capacity, first_bed, second_bed, third_bed, fourth_bed, fiveth_bed, sixth_bed, seventh_bed, eight_bed from dorm_room
    </sql>

    <select id="selectDormRoomList" parameterType="DormRoom" resultMap="DormRoomResult">
        <include refid="selectDormRoomVo"/>
        <where>  
            <if test="dormbuildId != null "> and dormbuild_id = #{dormbuildId}</if>
            <if test="floorNum != null "> and floor_num = #{floorNum}</if>
            <if test="maxCapacity != null "> and max_capacity = #{maxCapacity}</if>
            <if test="currentCapacity != null "> and current_capacity = #{currentCapacity}</if>
            <if test="firstBed != null  and firstBed != ''"> and first_bed = #{firstBed}</if>
            <if test="secondBed != null  and secondBed != ''"> and second_bed = #{secondBed}</if>
            <if test="thirdBed != null  and thirdBed != ''"> and third_bed = #{thirdBed}</if>
            <if test="fourthBed != null  and fourthBed != ''"> and fourth_bed = #{fourthBed}</if>
            <if test="fivethBed != null  and fivethBed != ''"> and fiveth_bed = #{fivethBed}</if>
            <if test="sixthBed != null  and sixthBed != ''"> and sixth_bed = #{sixthBed}</if>
            <if test="seventhBed != null  and seventhBed != ''"> and seventh_bed = #{seventhBed}</if>
            <if test="eightBed != null  and eightBed != ''"> and eight_bed = #{eightBed}</if>
        </where>
    </select>
    
    <select id="selectDormRoomByDormroomId" parameterType="Long" resultMap="DormRoomResult">
        <include refid="selectDormRoomVo"/>
        where dormroom_id = #{dormroomId}
    </select>
        
    <insert id="insertDormRoom" parameterType="DormRoom">
        insert into dorm_room
        <trim prefix="(" suffix=")" suffixOverrides=",">
            <if test="dormroomId != null">dormroom_id,</if>
            <if test="dormbuildId != null">dormbuild_id,</if>
            <if test="floorNum != null">floor_num,</if>
            <if test="maxCapacity != null">max_capacity,</if>
            <if test="currentCapacity != null">current_capacity,</if>
            <if test="firstBed != null">first_bed,</if>
            <if test="secondBed != null">second_bed,</if>
            <if test="thirdBed != null">third_bed,</if>
            <if test="fourthBed != null">fourth_bed,</if>
            <if test="fivethBed != null">fiveth_bed,</if>
            <if test="sixthBed != null">sixth_bed,</if>
            <if test="seventhBed != null">seventh_bed,</if>
            <if test="eightBed != null">eight_bed,</if>
         </trim>
        <trim prefix="values (" suffix=")" suffixOverrides=",">
            <if test="dormroomId != null">#{dormroomId},</if>
            <if test="dormbuildId != null">#{dormbuildId},</if>
            <if test="floorNum != null">#{floorNum},</if>
            <if test="maxCapacity != null">#{maxCapacity},</if>
            <if test="currentCapacity != null">#{currentCapacity},</if>
            <if test="firstBed != null">#{firstBed},</if>
            <if test="secondBed != null">#{secondBed},</if>
            <if test="thirdBed != null">#{thirdBed},</if>
            <if test="fourthBed != null">#{fourthBed},</if>
            <if test="fivethBed != null">#{fivethBed},</if>
            <if test="sixthBed != null">#{sixthBed},</if>
            <if test="seventhBed != null">#{seventhBed},</if>
            <if test="eightBed != null">#{eightBed},</if>
         </trim>
    </insert>

    <update id="updateDormRoom" parameterType="DormRoom">
        update dorm_room
        <trim prefix="SET" suffixOverrides=",">
            <if test="id != null">id = #{id},</if>
            <if test="dormbuildId != null">dormbuild_id = #{dormbuildId},</if>
            <if test="floorNum != null">floor_num = #{floorNum},</if>
            <if test="maxCapacity != null">max_capacity = #{maxCapacity},</if>
            <if test="currentCapacity != null">current_capacity = #{currentCapacity},</if>
            <if test="firstBed != null">first_bed = #{firstBed},</if>
            <if test="secondBed != null">second_bed = #{secondBed},</if>
            <if test="thirdBed != null">third_bed = #{thirdBed},</if>
            <if test="fourthBed != null">fourth_bed = #{fourthBed},</if>
            <if test="fivethBed != null">fiveth_bed = #{fivethBed},</if>
            <if test="sixthBed != null">sixth_bed = #{sixthBed},</if>
            <if test="seventhBed != null">seventh_bed = #{seventhBed},</if>
            <if test="eightBed != null">eight_bed = #{eightBed},</if>
        </trim>
        where id = #{id}
    </update>

    <delete id="deleteDormRoomByDormroomId" parameterType="Long">
        delete from dorm_room where dormroom_id = #{dormroomId}
    </delete>

    <delete id="deleteDormRoomByDormroomIds" parameterType="String">
        delete from dorm_room where dormroom_id in 
        <foreach item="dormroomId" collection="array" open="(" separator="," close=")">
            #{dormroomId}
        </foreach>
    </delete>
</mapper>