<?xml version="1.0" encoding="UTF-8" ?>
<!DOCTYPE mapper
PUBLIC "-//mybatis.org//DTD Mapper 3.0//EN"
"http://mybatis.org/dtd/mybatis-3-mapper.dtd">
<mapper namespace="com.ruoyi.project.system.mapper.DormRoomStudentMapper">
    
    <resultMap type="DormRoomStudent" id="DormRoomStudentResult">
        <result property="dormroomId"    column="dormroom_id"    />
        <result property="studentNumber"    column="student_number"    />
        <result property="bedNumber"    column="bed_number"    />
        <result property="dormbuildId"    column="dormbuild_id"    />
        <result property="dormbuildName"    column="dormbuild_name"    />
        <result property="id"    column="id"    />
    </resultMap>

    <sql id="selectDormRoomStudentVo">
        select dr.dormroom_id, dr.student_number, dr.bed_number, dr.dormbuild_id, dr.id, d.dormbuild_name
        from dorm_room_student dr
             left join dorm_build d on dr.dormbuild_id = d.dormbuild_id
    </sql>

    <select id="selectDormRoomStudentList" parameterType="DormRoomStudent" resultMap="DormRoomStudentResult">
        <include refid="selectDormRoomStudentVo"/>
        <where>  
            <if test="dormroomId != null "> and dormroom_id = #{dormroomId}</if>
            <if test="studentNumber != null  and studentNumber != ''"> and student_number = #{studentNumber}</if>
        </where>
    </select>
    
    <select id="selectDormRoomStudentById" parameterType="Long" resultMap="DormRoomStudentResult">
        <include refid="selectDormRoomStudentVo"/>
        where id = #{id}
    </select>

    <select id="selectDormRoomStudentByStudentNumber" parameterType="String" resultMap="DormRoomStudentResult">
        <include refid="selectDormRoomStudentVo"/>
        where student_number = #{studentNumber} limit 1
    </select>

    <select id="selectDormRoomStudentByBedNumber" parameterType="DormRoomStudent" resultMap="DormRoomStudentResult">
        <include refid="selectDormRoomStudentVo"/>
        where dr.bed_number = #{bedNumber} AND dr.dormroom_id = #{dormroomId} AND dr.dormbuild_id = #{dormbuildId}
    </select>
        
    <insert id="insertDormRoomStudent" parameterType="DormRoomStudent" useGeneratedKeys="true" keyProperty="id">
        insert into dorm_room_student
        <trim prefix="(" suffix=")" suffixOverrides=",">
            <if test="dormroomId != null">dormroom_id,</if>
            <if test="studentNumber != null and studentNumber != ''">student_number,</if>
            <if test="bedNumber != null and bedNumber != ''">bed_number,</if>
            <if test="dormbuildId != null and dormbuildId != ''">dormbuild_id,</if>
         </trim>
        <trim prefix="values (" suffix=")" suffixOverrides=",">
            <if test="dormroomId != null">#{dormroomId},</if>
            <if test="studentNumber != null and studentNumber != ''">#{studentNumber},</if>
            <if test="bedNumber != null and bedNumber != ''">#{bedNumber},</if>
            <if test="dormbuildId != null and dormbuildId != ''">#{dormbuildId},</if>
         </trim>
    </insert>

    <update id="updateDormRoomStudent" parameterType="DormRoomStudent">
        update dorm_room_student
        <trim prefix="SET" suffixOverrides=",">
            <if test="dormroomId != null">dormroom_id = #{dormroomId},</if>
            <if test="studentNumber != null and studentNumber != ''">student_number = #{studentNumber},</if>
        </trim>
        where bed_number = #{bedNumber}
    </update>

    <delete id="deleteDormRoomStudentById" parameterType="Long">
        delete from dorm_room_student where id = #{id}
    </delete>

    <delete id="deleteDormRoomStudentByIds" parameterType="String">
        delete from dorm_room_student where id in 
        <foreach item="id" collection="array" open="(" separator="," close=")">
            #{id}
        </foreach>
    </delete>
</mapper>