<?xml version="1.0" encoding="UTF-8" ?>
<!DOCTYPE mapper
PUBLIC "-//mybatis.org//DTD Mapper 3.0//EN"
"http://mybatis.org/dtd/mybatis-3-mapper.dtd">
<mapper namespace="com.ruoyi.project.system.mapper.LeaveMapper">
    
    <resultMap type="Leave" id="LeaveResult">
        <result property="id"    column="id"    />
        <result property="studentNumber"    column="student_number"    />
        <result property="studentName"    column="student_name"    />
        <result property="studentSex"    column="student_sex"    />
        <result property="dormbuildId"    column="dormbuild_id"    />
        <result property="dormroomId"    column="dormroom_id"    />
        <result property="leaveTime"    column="leave_time"    />
        <result property="leaveDestination"    column="leave_destination"    />
        <result property="studentPhone"    column="student_phone"    />
        <result property="familyPhone"    column="family_phone"    />
        <result property="deptName"    column="dept_name"    />
        <result property="classN"    column="class_n"    />
        <result property="homeLocation"    column="home_location"    />
        <result property="dormHandleOptions"    column="dorm_handle_options"    />
        <result property="fdyHandleOptions"    column="fdy_handle_options"    />
        <result property="dormHandleTime"    column="dorm_handle_time"    />
        <result property="fdyHandleTime"    column="fdy_handle_time"    />
        <result property="state"    column="state"    />
        <result property="stateDetail"    column="state_detail"    />
        <result property="studentCounsellorId"    column="student_counsellor_id"    />
        <result property="delFlag"    column="del_flag"    />
    </resultMap>

    <sql id="selectLeaveVo">
        select id, student_number, student_name, student_sex, dormbuild_id, student_counsellor_id, dormroom_id, leave_time, leave_destination, student_phone, family_phone, dept_name, class_n, home_location, dorm_handle_options, fdy_handle_options, dorm_handle_time, fdy_handle_time, state, state_detail, del_flag from stu_leave
    </sql>

    <select id="selectLeaveList" parameterType="Leave" resultMap="LeaveResult">
        <include refid="selectLeaveVo"/>
        <where>  
            <if test="studentNumber != null  and studentNumber != ''"> and student_number = #{studentNumber}</if>
            <if test="studentName != null  and studentName != ''"> and student_name like concat('%', #{studentName}, '%')</if>
            <if test="studentSex != null  and studentSex != ''"> and student_sex = #{studentSex}</if>
            <if test="dormbuildId != null "> and dormbuild_id = #{dormbuildId}</if>
            <if test="dormroomId != null "> and dormroom_id = #{dormroomId}</if>
            <if test="leaveTime != null "> and leave_time = #{leaveTime}</if>
            <if test="leaveDestination != null  and leaveDestination != ''"> and leave_destination = #{leaveDestination}</if>
            <if test="studentPhone != null  and studentPhone != ''"> and student_phone = #{studentPhone}</if>
            <if test="familyPhone != null  and familyPhone != ''"> and family_phone = #{familyPhone}</if>
            <if test="deptName != null  and deptName != ''"> and dept_name like concat('%', #{deptName}, '%')</if>
            <if test="classN != null  and classN != ''"> and class_n = #{classN}</if>
            <if test="homeLocation != null  and homeLocation != ''"> and home_location = #{homeLocation}</if>
            <if test="dormHandleOptions != null  and dormHandleOptions != ''"> and dorm_handle_options = #{dormHandleOptions}</if>
            <if test="fdyHandleOptions != null  and fdyHandleOptions != ''"> and fdy_handle_options = #{fdyHandleOptions}</if>
            <if test="dormHandleTime != null "> and dorm_handle_time = #{dormHandleTime}</if>
            <if test="fdyHandleTime != null "> and fdy_handle_time = #{fdyHandleTime}</if>
            <if test="state != null  and state != ''"> and state = #{state}</if>
            <if test="stateDetail != null  and stateDetail != ''"> and state_detail = #{stateDetail}</if>
            <if test="studentCounsellorId != null  and studentCounsellorId != ''"> and student_counsellor_id = #{studentCounsellorId}</if>
        </where>
    </select>
    
    <select id="selectLeaveById" parameterType="Long" resultMap="LeaveResult">
        <include refid="selectLeaveVo"/>
        where id = #{id}
    </select>
        
    <insert id="insertLeave" parameterType="Leave" useGeneratedKeys="true" keyProperty="id">
        insert into stu_leave
        <trim prefix="(" suffix=")" suffixOverrides=",">
            <if test="studentNumber != null">student_number,</if>
            <if test="studentName != null">student_name,</if>
            <if test="studentSex != null">student_sex,</if>
            <if test="dormbuildId != null">dormbuild_id,</if>
            <if test="dormroomId != null">dormroom_id,</if>
            <if test="leaveTime != null">leave_time,</if>
            <if test="leaveDestination != null">leave_destination,</if>
            <if test="studentPhone != null">student_phone,</if>
            <if test="familyPhone != null">family_phone,</if>
            <if test="deptName != null">dept_name,</if>
            <if test="classN != null">class_n,</if>
            <if test="homeLocation != null">home_location,</if>
            <if test="dormHandleOptions != null">dorm_handle_options,</if>
            <if test="fdyHandleOptions != null">fdy_handle_options,</if>
            <if test="dormHandleTime != null">dorm_handle_time,</if>
            <if test="fdyHandleTime != null">fdy_handle_time,</if>
            <if test="state != null">state,</if>
            <if test="stateDetail != null">state_detail,</if>
            <if test="studentCounsellorId != null">student_counsellor_id,</if>
            <if test="delFlag != null">del_flag,</if>
         </trim>
        <trim prefix="values (" suffix=")" suffixOverrides=",">
            <if test="studentNumber != null">#{studentNumber},</if>
            <if test="studentName != null">#{studentName},</if>
            <if test="studentSex != null">#{studentSex},</if>
            <if test="dormbuildId != null">#{dormbuildId},</if>
            <if test="dormroomId != null">#{dormroomId},</if>
            <if test="leaveTime != null">#{leaveTime},</if>
            <if test="leaveDestination != null">#{leaveDestination},</if>
            <if test="studentPhone != null">#{studentPhone},</if>
            <if test="familyPhone != null">#{familyPhone},</if>
            <if test="deptName != null">#{deptName},</if>
            <if test="classN != null">#{classN},</if>
            <if test="homeLocation != null">#{homeLocation},</if>
            <if test="dormHandleOptions != null">#{dormHandleOptions},</if>
            <if test="fdyHandleOptions != null">#{fdyHandleOptions},</if>
            <if test="dormHandleTime != null">#{dormHandleTime},</if>
            <if test="fdyHandleTime != null">#{fdyHandleTime},</if>
            <if test="state != null">#{state},</if>
            <if test="stateDetail != null">#{stateDetail},</if>
            <if test="studentCounsellorId != null">#{studentCounsellorId},</if>
            <if test="delFlag != null">#{delFlag},</if>
         </trim>
    </insert>

    <update id="updateLeave" parameterType="Leave">
        update stu_leave
        <trim prefix="SET" suffixOverrides=",">
            <if test="studentNumber != null">student_number = #{studentNumber},</if>
            <if test="studentName != null">student_name = #{studentName},</if>
            <if test="studentSex != null">student_sex = #{studentSex},</if>
            <if test="dormbuildId != null">dormbuild_id = #{dormbuildId},</if>
            <if test="dormroomId != null">dormroom_id = #{dormroomId},</if>
            <if test="leaveTime != null">leave_time = #{leaveTime},</if>
            <if test="leaveDestination != null">leave_destination = #{leaveDestination},</if>
            <if test="studentPhone != null">student_phone = #{studentPhone},</if>
            <if test="familyPhone != null">family_phone = #{familyPhone},</if>
            <if test="deptName != null">dept_name = #{deptName},</if>
            <if test="classN != null">class_n = #{classN},</if>
            <if test="homeLocation != null">home_location = #{homeLocation},</if>
            <if test="dormHandleOptions != null">dorm_handle_options = #{dormHandleOptions},</if>
            <if test="fdyHandleOptions != null">fdy_handle_options = #{fdyHandleOptions},</if>
            <if test="dormHandleTime != null">dorm_handle_time = #{dormHandleTime},</if>
            <if test="fdyHandleTime != null">fdy_handle_time = #{fdyHandleTime},</if>
            <if test="state != null">state = #{state},</if>
            <if test="stateDetail != null">state_detail = #{stateDetail},</if>
            <if test="studentCounsellorId != null">student_counsellor_id = #{studentCounsellorId},</if>
            <if test="delFlag != null">del_flag = #{delFlag},</if>
        </trim>
        where id = #{id}
    </update>

    <delete id="deleteLeaveById" parameterType="Long">
        delete from stu_leave where id = #{id}
    </delete>

    <delete id="deleteLeaveByIds" parameterType="String">
        delete from stu_leave where id in
        <foreach item="id" collection="array" open="(" separator="," close=")">
            #{id}
        </foreach>
    </delete>
</mapper>