<?xml version="1.0" encoding="UTF-8" ?>
<!DOCTYPE mapper
PUBLIC "-//mybatis.org//DTD Mapper 3.0//EN"
"http://mybatis.org/dtd/mybatis-3-mapper.dtd">
<mapper namespace="com.ruoyi.project.system.mapper.MessageMapper">
    
    <resultMap type="Message" id="MessageResult">
        <result property="id"    column="id"    />
        <result property="title"    column="title"    />
        <result property="content"    column="content"    />
        <result property="date"    column="date"    />
        <result property="account"    column="account"    />
        <result property="accountTwo"    column="account_two"    />
        <result property="accountName"    column="account_name"    />
        <result property="accountTwoName"    column="account_two_name"    />
        <result property="replayAccount"    column="replay_account"    />
        <result property="replayTime"    column="replay_time"    />
        <result property="delFlag"    column="del_flag"    />
    </resultMap>

    <sql id="selectMessageVo">
        select id, title, content, date, account, account_two, account_name, account_two_name, replay_account, replay_time, del_flag from message
    </sql>

    <select id="selectMessageList" parameterType="Message" resultMap="MessageResult">
        <include refid="selectMessageVo"/>
        <where>  
            <if test="title != null  and title != ''"> and title = #{title}</if>
            <if test="content != null  and content != ''"> and content = #{content}</if>
            <if test="date != null "> and date = #{date}</if>
            <if test="account != null  and account != ''"> and account = #{account}</if>
            <if test="accountTwo != null  and accountTwo != ''"> and account_two = #{accountTwo}</if>
            <if test="accountName != null  and accountName != ''"> and account_name like concat('%', #{accountName}, '%')</if>
            <if test="accountTwoName != null  and accountTwoName != ''"> and account_two_name like concat('%', #{accountTwoName}, '%')</if>
            <if test="replayAccount != null  and replayAccount != ''"> and replay_account = #{replayAccount}</if>
            <if test="replayTime != null "> and replay_time = #{replayTime}</if>
        </where>
    </select>
    
    <select id="selectMessageById" parameterType="Long" resultMap="MessageResult">
        <include refid="selectMessageVo"/>
        where id = #{id}
    </select>
        
    <insert id="insertMessage" parameterType="Message">
        insert into message
        <trim prefix="(" suffix=")" suffixOverrides=",">
            <if test="id != null">id,</if>
            <if test="title != null">title,</if>
            <if test="content != null">content,</if>
            <if test="date != null">date,</if>
            <if test="account != null">account,</if>
            <if test="accountTwo != null">account_two,</if>
            <if test="accountName != null">account_name,</if>
            <if test="accountTwoName != null">account_two_name,</if>
            <if test="replayAccount != null">replay_account,</if>
            <if test="replayTime != null">replay_time,</if>
            <if test="delFlag != null">del_flag,</if>
         </trim>
        <trim prefix="values (" suffix=")" suffixOverrides=",">
            <if test="id != null">#{id},</if>
            <if test="title != null">#{title},</if>
            <if test="content != null">#{content},</if>
            <if test="date != null">#{date},</if>
            <if test="account != null">#{account},</if>
            <if test="accountTwo != null">#{accountTwo},</if>
            <if test="accountName != null">#{accountName},</if>
            <if test="accountTwoName != null">#{accountTwoName},</if>
            <if test="replayAccount != null">#{replayAccount},</if>
            <if test="replayTime != null">#{replayTime},</if>
            <if test="delFlag != null">#{delFlag},</if>
         </trim>
    </insert>

    <update id="updateMessage" parameterType="Message">
        update message
        <trim prefix="SET" suffixOverrides=",">
            <if test="title != null">title = #{title},</if>
            <if test="content != null">content = #{content},</if>
            <if test="date != null">date = #{date},</if>
            <if test="account != null">account = #{account},</if>
            <if test="accountTwo != null">account_two = #{accountTwo},</if>
            <if test="accountName != null">account_name = #{accountName},</if>
            <if test="accountTwoName != null">account_two_name = #{accountTwoName},</if>
            <if test="replayAccount != null">replay_account = #{replayAccount},</if>
            <if test="replayTime != null">replay_time = #{replayTime},</if>
            <if test="delFlag != null">del_flag = #{delFlag},</if>
        </trim>
        where id = #{id}
    </update>

    <delete id="deleteMessageById" parameterType="Long">
        delete from message where id = #{id}
    </delete>

    <delete id="deleteMessageByIds" parameterType="String">
        delete from message where id in 
        <foreach item="id" collection="array" open="(" separator="," close=")">
            #{id}
        </foreach>
    </delete>
</mapper>