<?xml version="1.0" encoding="UTF-8" ?>
<!DOCTYPE mapper
PUBLIC "-//mybatis.org//DTD Mapper 3.0//EN"
"http://mybatis.org/dtd/mybatis-3-mapper.dtd">
<mapper namespace="com.ruoyi.project.system.mapper.NoticeMapper">
    
    <resultMap type="Notice" id="NoticeResult">
        <result property="id"    column="id"    />
        <result property="title"    column="title"    />
        <result property="content"    column="content"    />
        <result property="author"    column="author"    />
        <result property="releaseTime"    column="release_time"    />
    </resultMap>

    <sql id="selectNoticeVo">
        select id, title, content, author, release_time from notice
    </sql>

    <select id="selectNoticeList" parameterType="Notice" resultMap="NoticeResult">
        <include refid="selectNoticeVo"/>
        <where>  
            <if test="title != null  and title != ''"> and title = #{title}</if>
            <if test="content != null  and content != ''"> and content = #{content}</if>
            <if test="author != null  and author != ''"> and author = #{author}</if>
            <if test="releaseTime != null "> and release_time = #{releaseTime}</if>
        </where>
    </select>
    
    <select id="selectNoticeById" parameterType="Long" resultMap="NoticeResult">
        <include refid="selectNoticeVo"/>
        where id = #{id}
    </select>
        
    <insert id="insertNotice" parameterType="Notice" useGeneratedKeys="true" keyProperty="id">
        insert into notice
        <trim prefix="(" suffix=")" suffixOverrides=",">
            <if test="title != null and title != ''">title,</if>
            <if test="content != null and content != ''">content,</if>
            <if test="author != null and author != ''">author,</if>
            <if test="releaseTime != null">release_time,</if>
         </trim>
        <trim prefix="values (" suffix=")" suffixOverrides=",">
            <if test="title != null and title != ''">#{title},</if>
            <if test="content != null and content != ''">#{content},</if>
            <if test="author != null and author != ''">#{author},</if>
            <if test="releaseTime != null">#{releaseTime},</if>
         </trim>
    </insert>

    <update id="updateNotice" parameterType="Notice">
        update notice
        <trim prefix="SET" suffixOverrides=",">
            <if test="title != null and title != ''">title = #{title},</if>
            <if test="content != null and content != ''">content = #{content},</if>
            <if test="author != null and author != ''">author = #{author},</if>
            <if test="releaseTime != null">release_time = #{releaseTime},</if>
        </trim>
        where id = #{id}
    </update>

    <delete id="deleteNoticeById" parameterType="Long">
        delete from notice where id = #{id}
    </delete>

    <delete id="deleteNoticeByIds" parameterType="String">
        delete from notice where id in 
        <foreach item="id" collection="array" open="(" separator="," close=")">
            #{id}
        </foreach>
    </delete>
</mapper>