<?xml version="1.0" encoding="UTF-8" ?>
<!DOCTYPE mapper
PUBLIC "-//mybatis.org//DTD Mapper 3.0//EN"
"http://mybatis.org/dtd/mybatis-3-mapper.dtd">
<mapper namespace="com.ruoyi.project.system.mapper.RepairMapper">
    
    <resultMap type="Repair" id="RepairResult">
        <result property="id"    column="id"    />
        <result property="repairer"    column="repairer"    />
        <result property="repairerId"    column="repairer_id"    />
        <result property="dormbuildId"    column="dormbuild_id"    />
        <result property="dormbuildName"    column="dormbuild_name"    />
        <result property="dormroomId"    column="dormroom_id"    />
        <result property="title"    column="title"    />
        <result property="content"    column="content"    />
        <result property="state"    column="state"    />
        <result property="orderBuildtime"    column="order_buildtime"    />
        <result property="orderFinishtime"    column="order_finishtime"    />
    </resultMap>

    <sql id="selectRepairVo">
        select id, repairer, dormbuild_id, dormroom_id, title, content, state, order_buildtime, order_finishtime from repair
    </sql>

    <select id="selectRepairList" parameterType="Repair" resultMap="RepairResult">
        select r.id, r.repairer, r.dormbuild_id, r.dormroom_id, r.title, r.content, r.state, r.order_buildtime, r.order_finishtime, d.dormbuild_name from repair r
            left join (select * from dorm_build where del_flag = '0') d on r.dormbuild_id = d.dormbuild_id
        <where>  
            <if test="repairer != null  and repairer != ''"> and repairer = #{repairer}</if>
            <if test="repairerId != null "> and repairer_id = #{repairerId}</if>
            <if test="dormbuildId != null "> and dormbuild_id = #{dormbuildId}</if>
            <if test="dormroomId != null "> and dormroom_id = #{dormroomId}</if>
            <if test="title != null  and title != ''"> and title = #{title}</if>
            <if test="content != null  and content != ''"> and content = #{content}</if>
            <if test="state != null  and state != ''"> and state = #{state}</if>
            <if test="orderBuildtime != null "> and order_buildtime = #{orderBuildtime}</if>
            <if test="orderFinishtime != null "> and order_finishtime = #{orderFinishtime}</if>
        </where>
    </select>
    
    <select id="selectRepairById" parameterType="Long" resultMap="RepairResult">
        <include refid="selectRepairVo"/>
        where id = #{id}
    </select>
        
    <insert id="insertRepair" parameterType="Repair" useGeneratedKeys="true" keyProperty="id">
        insert into repair
        <trim prefix="(" suffix=")" suffixOverrides=",">
            <if test="repairer != null and repairer != ''">repairer,</if>
            <if test="repairerId != null and repairerId != ''">repairer_id,</if>
            <if test="dormbuildId != null">dormbuild_id,</if>
            <if test="dormroomId != null">dormroom_id,</if>
            <if test="title != null and title != ''">title,</if>
            <if test="content != null and content != ''">content,</if>
            <if test="state != null and state != ''">state,</if>
            <if test="orderBuildtime != null">order_buildtime,</if>
            <if test="orderFinishtime != null">order_finishtime,</if>
         </trim>
        <trim prefix="values (" suffix=")" suffixOverrides=",">
            <if test="repairer != null and repairer != ''">#{repairer},</if>
            <if test="repairerId != null and repairerId != ''">#{repairerId},</if>
            <if test="dormbuildId != null">#{dormbuildId},</if>
            <if test="dormroomId != null">#{dormroomId},</if>
            <if test="title != null and title != ''">#{title},</if>
            <if test="content != null and content != ''">#{content},</if>
            <if test="state != null and state != ''">#{state},</if>
            <if test="orderBuildtime != null">#{orderBuildtime},</if>
            <if test="orderFinishtime != null">#{orderFinishtime},</if>
         </trim>
    </insert>

    <update id="updateRepair" parameterType="Repair">
        update repair
        <trim prefix="SET" suffixOverrides=",">
            <if test="repairer != null and repairer != ''">repairer = #{repairer},</if>
            <if test="dormbuildId != null">dormbuild_id = #{dormbuildId},</if>
            <if test="repairerId != null and repairerId != ''">repairer_id = #{repairerId},</if>
            <if test="dormroomId != null">dormroom_id = #{dormroomId},</if>
            <if test="title != null and title != ''">title = #{title},</if>
            <if test="content != null and content != ''">content = #{content},</if>
            <if test="state != null and state != ''">state = #{state},</if>
            <if test="orderBuildtime != null">order_buildtime = #{orderBuildtime},</if>
            <if test="orderFinishtime != null">order_finishtime = #{orderFinishtime},</if>
        </trim>
        where id = #{id}
    </update>

    <delete id="deleteRepairById" parameterType="Long">
        delete from repair where id = #{id}
    </delete>

    <delete id="deleteRepairByIds" parameterType="String">
        delete from repair where id in 
        <foreach item="id" collection="array" open="(" separator="," close=")">
            #{id}
        </foreach>
    </delete>

    <update id="updateRepairStatus" parameterType="Repair">
        update repair
        <trim prefix="SET" suffixOverrides=",">
            <if test="state != null and state != ''">state = #{state},</if>
            <if test="orderFinishtime != null">order_finishtime = #{orderFinishtime},</if>
        </trim>
        where id = #{id}
    </update>
</mapper>