<?xml version="1.0" encoding="UTF-8" ?>
<!DOCTYPE mapper
PUBLIC "-//mybatis.org//DTD Mapper 3.0//EN"
"http://mybatis.org/dtd/mybatis-3-mapper.dtd">
<mapper namespace="com.ruoyi.project.system.mapper.StuEnterMapper">
    
    <resultMap type="StuEnter" id="StuEnterResult">
        <result property="id"    column="id"    />
        <result property="studentNumber"    column="student_number"    />
        <result property="studentName"    column="student_name"    />
        <result property="studentSex"    column="student_sex"    />
        <result property="dormbuildId"    column="dormbuild_id"    />
        <result property="dormroomId"    column="dormroom_id"    />
        <result property="enterTime"    column="enter_time"    />
        <result property="enterAddress"    column="enter_address"    />
        <result property="studentPhone"    column="student_phone"    />
        <result property="destination"    column="destination"    />
        <result property="deptName"    column="dept_name"    />
        <result property="classN"    column="class_n"    />
        <result property="placeOfDeparture"    column="place_of_departure"    />
        <result property="enterTimeEnd"    column="enter_time_end"    />
        <result property="transfer"    column="transfer"    />
        <result property="vehicle"    column="vehicle"    />
        <result property="health"    column="health"    />
        <result property="state"    column="state"    />
        <result property="delFlag"    column="del_flag"    />
        <result property="studentCounsellorId"    column="student_counsellor_id"    />
        <result property="identifyNumber"    column="identify_number"    />
        <result property="fdyHandleOptions"    column="fdy_handle_options"    />
        <result property="fdyHandleTime"    column="fdy_handle_time"    />
    </resultMap>

    <sql id="selectStuEnterVo">
        select id, student_number, student_name, student_sex, dormbuild_id,fdy_handle_options, fdy_handle_time, dormroom_id, enter_time,student_counsellor_id, enter_address, student_phone, destination, dept_name, class_n, place_of_departure, enter_time_end, transfer, vehicle, health, state, del_flag, identify_number from stu_enter
    </sql>

    <select id="selectStuEnterList" parameterType="StuEnter" resultMap="StuEnterResult">
        <include refid="selectStuEnterVo"/>
        <where>  
            <if test="studentNumber != null  and studentNumber != ''"> and student_number = #{studentNumber}</if>
            <if test="studentName != null  and studentName != ''"> and student_name like concat('%', #{studentName}, '%')</if>
            <if test="studentSex != null  and studentSex != ''"> and student_sex = #{studentSex}</if>
            <if test="dormbuildId != null "> and dormbuild_id = #{dormbuildId}</if>
            <if test="dormroomId != null "> and dormroom_id = #{dormroomId}</if>
            <if test="enterTime != null "> and enter_time = #{enterTime}</if>
            <if test="enterAddress != null  and enterAddress != ''"> and enter_address = #{enterAddress}</if>
            <if test="studentPhone != null  and studentPhone != ''"> and student_phone = #{studentPhone}</if>
            <if test="destination != null  and destination != ''"> and destination = #{destination}</if>
            <if test="deptName != null  and deptName != ''"> and dept_name like concat('%', #{deptName}, '%')</if>
            <if test="classN != null  and classN != ''"> and class_n = #{classN}</if>
            <if test="placeOfDeparture != null  and placeOfDeparture != ''"> and place_of_departure = #{placeOfDeparture}</if>
            <if test="enterTimeEnd != null "> and enter_time_end = #{enterTimeEnd}</if>
            <if test="transfer != null  and transfer != ''"> and transfer = #{transfer}</if>
            <if test="vehicle != null  and vehicle != ''"> and vehicle = #{vehicle}</if>
            <if test="health != null  and health != ''"> and health = #{health}</if>
            <if test="state != null  and state != ''"> and state = #{state}</if>
            <if test="identifyNumber != null  and identifyNumber != ''"> and identify_number = #{identifyNumber}</if>
            <if test="fdyHandleOptions != null "> and fdy_handle_options = #{fdyHandleOptions}</if>
            <if test="fdyHandleTime != null "> and fdy_handle_time = #{fdyHandleTime}</if>
            <if test="studentCounsellorId != null  and studentCounsellorId != ''"> and student_counsellor_id = #{studentCounsellorId}</if>
        </where>
    </select>
    
    <select id="selectStuEnterById" parameterType="Long" resultMap="StuEnterResult">
        <include refid="selectStuEnterVo"/>
        where id = #{id}
    </select>
        
    <insert id="insertStuEnter" parameterType="StuEnter" useGeneratedKeys="true" keyProperty="id">
        insert into stu_enter
        <trim prefix="(" suffix=")" suffixOverrides=",">
            <if test="studentNumber != null">student_number,</if>
            <if test="studentName != null">student_name,</if>
            <if test="studentSex != null">student_sex,</if>
            <if test="dormbuildId != null">dormbuild_id,</if>
            <if test="dormroomId != null">dormroom_id,</if>
            <if test="enterTime != null">enter_time,</if>
            <if test="enterAddress != null">enter_address,</if>
            <if test="studentPhone != null">student_phone,</if>
            <if test="destination != null">destination,</if>
            <if test="deptName != null">dept_name,</if>
            <if test="classN != null">class_n,</if>
            <if test="placeOfDeparture != null">place_of_departure,</if>
            <if test="enterTimeEnd != null">enter_time_end,</if>
            <if test="transfer != null">transfer,</if>
            <if test="vehicle != null">vehicle,</if>
            <if test="health != null">health,</if>
            <if test="state != null">state,</if>
            <if test="delFlag != null">del_flag,</if>
            <if test="identifyNumber != null">identify_number,</if>
            <if test="studentCounsellorId != null">student_counsellor_id,</if>
            <if test="fdyHandleTime != null">fdy_handle_time,</if>
            <if test="fdyHandleOptions != null">fdy_handle_options,</if>
         </trim>
        <trim prefix="values (" suffix=")" suffixOverrides=",">
            <if test="studentNumber != null">#{studentNumber},</if>
            <if test="studentName != null">#{studentName},</if>
            <if test="studentSex != null">#{studentSex},</if>
            <if test="dormbuildId != null">#{dormbuildId},</if>
            <if test="dormroomId != null">#{dormroomId},</if>
            <if test="enterTime != null">#{enterTime},</if>
            <if test="enterAddress != null">#{enterAddress},</if>
            <if test="studentPhone != null">#{studentPhone},</if>
            <if test="destination != null">#{destination},</if>
            <if test="deptName != null">#{deptName},</if>
            <if test="classN != null">#{classN},</if>
            <if test="placeOfDeparture != null">#{placeOfDeparture},</if>
            <if test="enterTimeEnd != null">#{enterTimeEnd},</if>
            <if test="transfer != null">#{transfer},</if>
            <if test="vehicle != null">#{vehicle},</if>
            <if test="health != null">#{health},</if>
            <if test="state != null">#{state},</if>
            <if test="delFlag != null">#{delFlag},</if>
            <if test="identifyNumber != null">#{identifyNumber},</if>
            <if test="studentCounsellorId != null">#{studentCounsellorId},</if>
            <if test="fdyHandleOptions != null">#{fdyHandleOptions},</if>
            <if test="fdyHandleTime != null">#{fdyHandleTime},</if>
         </trim>
    </insert>

    <update id="updateStuEnter" parameterType="StuEnter">
        update stu_enter
        <trim prefix="SET" suffixOverrides=",">
            <if test="studentNumber != null">student_number = #{studentNumber},</if>
            <if test="studentName != null">student_name = #{studentName},</if>
            <if test="studentSex != null">student_sex = #{studentSex},</if>
            <if test="dormbuildId != null">dormbuild_id = #{dormbuildId},</if>
            <if test="dormroomId != null">dormroom_id = #{dormroomId},</if>
            <if test="enterTime != null">enter_time = #{enterTime},</if>
            <if test="enterAddress != null">enter_address = #{enterAddress},</if>
            <if test="studentPhone != null">student_phone = #{studentPhone},</if>
            <if test="destination != null">destination = #{destination},</if>
            <if test="deptName != null">dept_name = #{deptName},</if>
            <if test="classN != null">class_n = #{classN},</if>
            <if test="placeOfDeparture != null">place_of_departure = #{placeOfDeparture},</if>
            <if test="enterTimeEnd != null">enter_time_end = #{enterTimeEnd},</if>
            <if test="transfer != null">transfer = #{transfer},</if>
            <if test="vehicle != null">vehicle = #{vehicle},</if>
            <if test="health != null">health = #{health},</if>
            <if test="state != null">state = #{state},</if>
            <if test="delFlag != null">del_flag = #{delFlag},</if>
            <if test="identifyNumber != null">identify_number = #{identifyNumber},</if>
            <if test="studentCounsellorId != null">student_counsellor_id = #{studentCounsellorId},</if>
            <if test="fdyHandleOptions != null">fdy_handle_options = #{fdyHandleOptions},</if>
            <if test="fdyHandleTime != null">fdy_handle_time = #{fdyHandleTime},</if>
        </trim>
        where id = #{id}
    </update>

    <delete id="deleteStuEnterById" parameterType="Long">
        delete from stu_enter where id = #{id}
    </delete>

    <delete id="deleteStuEnterByIds" parameterType="String">
        delete from stu_enter where id in 
        <foreach item="id" collection="array" open="(" separator="," close=")">
            #{id}
        </foreach>
    </delete>
</mapper>